Name,Group code,Special Skill,Start time,Sunday,Monday,Tuesday,Wednesday,Thursday,Friday,Saturday,Min_Hours,Max_Hours
Daniel M H,a,0,6:00 PM,A,A,A,A,A,A,NW,30,45
Steven R L,a,0,6:00 PM,A,A,A,A,A,NW,NW,30,40
Elizabeth C S,a,0,6:00 PM,NW,NW,A,A,A,A,NW,30,40
Mark U N,a,0,6:00 PM,NW,A,A,A,A,NW,NW,30,40
Mark E M,a,0,6:00 PM,NW,A,A,A,NW,NW,NW,30,40
David K M,a,0,6:00 PM,A,NW,NW,NW,A,A,NW,30,40
Nancy C R,b,0,6:00 PM,A,A,A,A,A,A,NW,30,40
Barbara H J,b,0,6:00 PM,A,A,A,A,A,A,NW,30,52
Karen K U,b,0,6:00 PM,A,NW,A,A,A,A,NW,30,40
Jessica T Z,b,0,6:00 PM,A,A,A,A,A,A,NW,30,40
Elizabeth C L,b,0,6:00 PM,A,A,A,A,A,A,NW,30,40
Matthew B D,b,0,6:00 PM,A,A,A,A,A,NW,NW,30,40
Karen X X,b,0,6:00 PM,NW,A,A,A,A,A,NW,30,40
Joseph A C,b,0,6:00 PM,A,A,A,A,A,NW,NW,30,40
Ashley K V,b,0,6:00 PM,A,NW,A,A,A,A,NW,30,40
Michael E I,b,1,6:00 PM,A,A,A,A,A,A,NW,30,40
Sandra U K,b,1,6:00 PM,A,A,A,A,NW,NW,NW,30,40
Mark Z H,b,1,6:00 PM,NW,A,A,A,A,A,NW,30,40
Thomas F N,b,0,6:00 PM,A,NW,NW,NW,A,A,NW,30,40
Jennifer L I,b,0,6:00 PM,A,A,A,A,A,A,NW,30,40
Charles E T,c,0,10:00 PM,NW,A,A,A,A,A,A,30,52
Sarah Z P,c,0,10:00 PM,NW,A,A,NW,A,A,A,30,40
Dorothy O T,c,0,10:00 PM,NW,A,A,A,A,A,A,30,40
Anthony D Z,c,0,10:00 PM,A,A,A,A,A,A,A,30,40
Lisa N L,d,0,11:00 PM,A,A,A,NW,A,NW,A,30,40
Thomas N W,d,0,11:00 PM,A,A,A,A,A,A,A,30,40
Nancy L T,d,1,11:00 PM,NW,A,A,A,A,NW,A,30,40
Nancy C Y,d,0,11:00 PM,A,NW,A,A,A,A,A,30,40
Anthony B R,d,0,11:00 PM,A,A,A,A,A,A,A,30,40
Anthony F D,d,0,11:00 PM,A,A,A,A,NW,NW,NW,30,40
Robert T T,d,1,11:00 PM,A,A,A,A,A,A,A,30,40
Susan N W,d,0,11:00 PM,NW,NW,A,A,A,A,A,30,40
Elizabeth F E,d,0,11:00 PM,A,A,A,A,A,A,A,30,47
Michael X T,d,0,11:00 PM,A,NW,A,A,A,A,A,30,40
Kimberly P U,d,0,11:00 PM,A,NW,A,A,A,A,A,30,40
Richard K P,d,0,11:00 PM,A,A,NW,A,A,A,A,30,40
Jennifer D S,a,1,11:00 PM,A,A,A,A,A,A,A,30,44
Ashley Y C,d,1,10:00 PM,A,A,A,A,A,A,A,30,41
Mark V J,d,0,11:00 PM,A,A,A,A,A,A,NW,30,45
Charles M L,a,1,10:00 PM,A,A,A,A,A,A,NW,30,45
Margaret X S,d,1,6:00 PM,A,A,A,A,A,A,A,30,50
Mark I U,a,1,6:00 PM,A,A,A,A,A,NW,A,30,42
Kimberly D M,a,0,11:00 PM,NW,A,A,A,A,A,A,30,49
Jessica K F,a,0,6:00 PM,A,A,A,A,A,A,NW,30,40
Ashley O P,d,0,11:00 PM,A,NW,A,A,A,A,NW,30,51
Kimberly Z L,d,1,10:00 PM,A,A,NW,A,A,A,NW,30,48
Mark F C,b,1,6:00 PM,A,A,A,A,A,A,NW,30,45
Ashley N X,a,1,11:00 PM,A,A,A,A,NW,A,A,30,43
Barbara F K,a,1,10:00 PM,A,NW,A,A,A,A,A,30,42
Margaret E O,a,0,6:00 PM,A,A,A,A,A,A,A,30,47
Charles D M,b,0,6:00 PM,A,A,A,A,A,A,NW,30,45
Steven Y K,a,1,11:00 PM,A,A,A,A,A,A,NW,30,49
Kimberly L H,b,1,6:00 PM,A,A,A,A,NW,A,NW,30,51
Anthony Z W,b,0,11:00 PM,A,A,NW,A,A,A,A,30,44
Donald I X,d,0,6:00 PM,A,A,A,A,A,A,NW,30,48
Robert A P,b,1,10:00 PM,A,A,A,A,A,A,A,30,45
Joseph L U,d,1,6:00 PM,A,A,A,A,A,A,A,30,41
Jennifer E D,c,0,11:00 PM,A,A,A,A,A,A,A,30,47
Steven C P,a,0,11:00 PM,A,A,A,A,A,A,NW,30,44
James V L,c,1,11:00 PM,A,A,A,A,A,A,NW,30,40
Robert J A,a,0,10:00 PM,A,A,A,A,A,A,A,30,46
Nancy S C,b,0,6:00 PM,NW,A,A,A,A,A,NW,30,41
Christopher V O,d,1,6:00 PM,A,A,A,A,A,A,A,30,48
Joseph O Z,b,0,6:00 PM,A,NW,A,A,A,A,A,30,46
Jennifer R N,a,0,11:00 PM,A,NW,A,A,A,A,A,30,46
Richard Z G,a,1,11:00 PM,A,A,A,A,A,A,A,30,51
Patricia Y N,b,0,6:00 PM,A,A,A,A,A,A,NW,30,51
Sandra I O,a,1,11:00 PM,A,A,A,A,A,A,A,30,49
Dorothy T M,a,1,6:00 PM,A,A,A,A,A,A,A,30,47
Charles W S,c,0,6:00 PM,A,A,A,A,A,A,A,30,43
Elizabeth S Z,b,0,11:00 PM,NW,A,A,A,A,A,NW,30,40
Patricia V Z,c,0,6:00 PM,A,A,A,A,A,A,NW,30,41
Jennifer I Z,b,0,11:00 PM,A,NW,A,A,A,A,A,30,44
William N O,c,1,6:00 PM,A,A,A,A,A,A,A,30,42
Elizabeth S B,d,1,11:00 PM,A,A,A,A,A,A,A,30,47
Sarah V X,a,0,11:00 PM,A,A,A,A,NW,A,NW,30,46
Lisa Q P,a,1,11:00 PM,A,A,A,A,A,A,NW,30,45
Patricia H T,b,0,6:00 PM,A,A,A,A,A,A,A,30,50
Patricia L I,b,0,6:00 PM,A,A,A,A,A,A,A,30,49
Jennifer A M,b,1,10:00 PM,A,A,A,A,A,A,NW,30,48
Barbara I A,c,1,6:00 PM,A,A,A,A,A,NW,A,30,46
Jessica Z L,b,1,6:00 PM,A,A,A,A,A,A,NW,30,41
Donald M E,a,0,6:00 PM,A,A,A,A,A,A,NW,30,45
James O K,b,1,10:00 PM,A,A,A,A,A,A,NW,30,46
Thomas S L,a,0,10:00 PM,A,A,A,A,A,A,A,30,45
Dorothy N K,c,1,6:00 PM,A,A,A,A,A,A,NW,30,40
Linda U T,a,0,6:00 PM,A,A,A,A,A,A,NW,30,48
Sarah B C,d,0,11:00 PM,A,A,A,A,A,A,A,30,43
Kimberly Q F,a,1,6:00 PM,A,A,A,A,A,A,NW,30,41
Sarah R C,d,0,11:00 PM,A,A,A,A,A,A,NW,30,46
Jessica J C,c,1,6:00 PM,A,A,A,A,A,A,NW,30,51
Margaret J B,a,1,11:00 PM,A,A,A,A,A,A,NW,30,40
William O A,c,1,10:00 PM,A,A,A,A,A,A,NW,30,40
Jessica P A,c,1,10:00 PM,A,A,A,A,A,A,NW,30,47
Kimberly L F,d,1,6:00 PM,A,A,A,A,A,A,NW,30,47
Paul E C,c,1,10:00 PM,A,A,A,A,A,NW,A,30,40
Mary B F,a,1,10:00 PM,A,A,A,A,A,A,NW,30,41
Kimberly N Z,d,1,11:00 PM,NW,A,A,A,A,A,NW,30,50
Mark Y Z,c,1,10:00 PM,A,A,A,A,A,A,A,30,45
Betty Y M,b,1,6:00 PM,A,A,A,A,A,A,A,30,41
John J B,d,0,6:00 PM,A,A,A,A,A,A,NW,30,42
Joseph S H,a,1,10:00 PM,A,A,A,A,A,A,NW,30,47
Matthew R H,a,1,6:00 PM,A,A,A,A,A,A,A,30,44
Matthew P C,b,1,10:00 PM,A,A,A,A,A,A,A,30,40
Karen G M,d,1,6:00 PM,A,A,NW,A,A,A,NW,30,48
Jennifer C Y,b,0,11:00 PM,A,A,A,A,A,NW,A,30,40
Kimberly V O,d,0,10:00 PM,A,A,A,A,A,A,A,30,41
Kimberly D Y,d,1,6:00 PM,A,A,A,A,A,A,NW,30,42
Dorothy R T,b,0,11:00 PM,A,A,A,A,A,A,A,30,42
Anthony H S,b,0,10:00 PM,A,A,A,A,A,A,NW,30,49
Richard Z W,d,0,6:00 PM,A,A,A,A,A,A,NW,30,41
Anthony Y V,c,0,10:00 PM,A,A,A,A,A,A,NW,30,42
Jessica R T,d,1,11:00 PM,A,A,A,A,A,NW,NW,30,45
Jessica J X,a,0,10:00 PM,A,A,A,A,A,A,A,30,42
Kimberly Z Q,a,1,11:00 PM,A,A,A,A,A,A,NW,30,49
Nancy Q R,b,1,11:00 PM,A,A,A,A,A,A,NW,30,46
Sandra C D,d,1,6:00 PM,A,A,A,A,A,A,A,30,51
Daniel Q S,c,1,11:00 PM,A,A,A,A,A,A,NW,30,40
Patricia A A,c,1,11:00 PM,A,A,A,A,A,A,NW,30,50
Margaret R A,b,0,6:00 PM,A,A,A,A,A,A,NW,30,42
Jessica Z F,b,1,11:00 PM,A,NW,A,A,A,A,A,30,51
Margaret P U,b,0,6:00 PM,A,A,A,A,A,A,NW,30,44
Patricia F I,b,1,6:00 PM,A,A,A,A,A,A,A,30,46
Christopher U L,c,1,11:00 PM,A,A,A,A,A,A,A,30,40
Lisa N F,a,1,10:00 PM,A,A,A,A,A,A,A,30,49
Patricia F I,c,0,11:00 PM,A,A,A,A,A,NW,A,30,43
Lisa U Q,a,0,10:00 PM,A,A,A,A,A,A,A,30,51
Dorothy L Z,a,1,11:00 PM,A,A,A,A,A,A,A,30,48
Patricia Z X,a,0,6:00 PM,A,A,A,A,A,A,A,30,43
Elizabeth C G,c,0,11:00 PM,A,A,A,A,NW,A,A,30,43
Donald F S,d,1,6:00 PM,NW,A,A,A,A,A,NW,30,42
Jessica U X,b,0,10:00 PM,A,A,A,A,A,A,NW,30,50
James W F,b,1,11:00 PM,A,A,A,NW,A,A,A,30,45
Jessica U K,d,1,10:00 PM,A,A,A,A,A,A,NW,30,43
Anthony B D,c,1,11:00 PM,A,A,A,A,A,A,NW,30,51
Matthew J V,c,0,6:00 PM,A,A,A,A,A,A,NW,30,50
Anthony Y S,d,0,6:00 PM,A,A,A,A,A,A,NW,30,47
John W U,a,0,11:00 PM,A,A,A,A,A,A,NW,30,50
Elizabeth W A,c,0,10:00 PM,A,A,A,A,A,A,A,30,41
Paul H N,a,1,11:00 PM,A,A,A,A,A,A,NW,30,48
Steven G H,c,0,11:00 PM,A,A,A,A,A,A,A,30,44
Richard Q Q,d,0,11:00 PM,A,A,A,A,A,A,NW,30,48
Nancy U D,b,1,10:00 PM,A,A,A,A,A,A,NW,30,52
John T F,b,1,11:00 PM,A,A,A,A,A,A,NW,30,49
Sandra N R,b,1,6:00 PM,A,A,A,A,NW,A,A,30,47
William X X,c,1,11:00 PM,A,A,A,A,A,A,NW,30,49
Christopher O Q,d,0,11:00 PM,A,A,A,A,A,A,NW,30,46
Steven J U,a,0,6:00 PM,A,A,A,A,A,A,A,30,43
Mark J Y,b,1,11:00 PM,A,A,A,A,A,A,A,30,40
Kimberly P D,a,0,10:00 PM,A,A,A,A,A,A,A,30,48
James P D,b,0,11:00 PM,A,A,A,A,A,A,NW,30,42
David S X,a,1,10:00 PM,A,A,A,A,A,A,NW,30,46
Patricia O Y,c,0,11:00 PM,A,A,A,A,A,A,NW,30,48
Mary Z Z,c,1,11:00 PM,A,A,A,A,A,A,A,30,51
Margaret O K,a,1,11:00 PM,A,A,A,A,A,NW,A,30,47
Richard G V,c,0,10:00 PM,A,A,A,NW,A,A,A,30,43
David Q U,a,0,6:00 PM,A,A,A,A,A,A,NW,30,46
Daniel S J,c,1,11:00 PM,A,A,A,NW,A,A,A,30,48
Sandra G U,c,1,11:00 PM,A,A,A,A,A,A,NW,30,42
David Y F,a,0,11:00 PM,A,A,A,A,NW,A,A,30,49
Patricia X P,b,1,6:00 PM,A,A,A,A,A,A,NW,30,49
Steven B U,b,1,11:00 PM,A,A,A,A,A,A,A,30,46
Elizabeth R S,d,1,10:00 PM,A,A,A,A,A,A,A,30,50
Dorothy A T,d,0,6:00 PM,A,NW,A,A,A,A,NW,30,43
Kimberly R K,b,1,10:00 PM,A,A,NW,A,A,A,A,30,46
Jennifer U H,a,1,10:00 PM,A,A,A,A,A,A,A,30,51
Donald B K,d,0,6:00 PM,NW,A,A,A,A,A,NW,30,48
Dorothy L J,b,0,6:00 PM,A,A,A,A,A,A,NW,30,50
Jennifer A O,c,1,11:00 PM,A,A,A,A,A,A,NW,30,43
Mark K T,b,0,6:00 PM,A,A,A,A,A,A,NW,30,47
Elizabeth D T,d,1,10:00 PM,A,A,A,A,A,A,A,30,44
Donald Y B,c,0,11:00 PM,A,A,A,A,A,A,A,30,48
Ashley M H,b,0,6:00 PM,A,A,A,A,A,A,A,30,46
Mary E W,b,0,10:00 PM,A,A,A,A,A,A,A,30,48
Charles J L,a,1,6:00 PM,NW,A,A,A,A,A,NW,30,47
Patricia R B,c,0,11:00 PM,A,A,A,A,A,A,NW,30,49
Jennifer O I,c,1,10:00 PM,A,A,A,A,A,A,A,30,50
Sarah U D,c,0,6:00 PM,A,A,A,A,A,A,NW,30,41
Betty K G,b,1,11:00 PM,A,A,A,A,A,A,A,30,51
Linda O I,b,1,6:00 PM,A,A,A,NW,A,A,A,30,45
Ashley W N,d,0,11:00 PM,A,A,A,A,NW,A,A,30,42
Steven E C,a,0,10:00 PM,A,A,NW,A,A,A,A,30,51
Dorothy S K,d,1,10:00 PM,A,A,A,A,NW,A,A,30,49
Anthony X U,a,0,6:00 PM,A,NW,A,A,A,A,A,30,45
Donald U S,d,1,10:00 PM,A,A,A,A,A,A,A,30,47
Matthew K G,a,1,6:00 PM,A,A,A,A,A,A,NW,30,43
Sarah S Y,d,0,6:00 PM,A,A,A,A,A,A,A,30,45
Sarah L Z,b,0,10:00 PM,A,A,A,A,A,A,A,30,45
Dorothy V J,a,0,6:00 PM,A,A,A,A,A,A,NW,30,49
Jennifer Z U,c,0,6:00 PM,A,A,A,A,A,A,NW,30,45
Michael C L,a,0,10:00 PM,A,A,A,A,A,A,NW,30,49
Mark L C,d,1,11:00 PM,NW,A,A,A,A,A,NW,30,49
Christopher J H,b,1,6:00 PM,A,A,A,A,A,A,A,30,45
Mary W Z,a,0,6:00 PM,A,A,A,A,A,A,NW,30,45
Sarah V Q,c,1,6:00 PM,A,A,A,A,A,A,NW,30,46
Linda Y U,c,1,10:00 PM,A,A,A,A,A,A,NW,30,40
Nancy L U,c,1,11:00 PM,A,A,A,A,A,A,A,30,42
Christopher I M,b,1,10:00 PM,A,A,A,A,A,NW,A,30,50
David X C,c,1,10:00 PM,NW,A,A,A,A,A,A,30,49
Linda M W,a,0,10:00 PM,A,A,A,A,A,A,NW,30,41
William Y E,d,1,11:00 PM,A,A,A,A,A,A,NW,30,48
Nancy I I,d,0,10:00 PM,A,A,A,NW,A,A,A,30,40
Daniel Q Q,a,0,10:00 PM,A,A,A,A,A,A,NW,30,46
Jessica R U,d,0,10:00 PM,A,A,A,A,A,A,NW,30,42
Margaret P P,c,0,11:00 PM,A,A,A,A,A,A,NW,30,50
Dorothy Z B,b,0,11:00 PM,A,NW,A,A,A,A,NW,30,47
Kimberly Z G,d,0,11:00 PM,A,A,A,A,NW,A,NW,30,41
Donald H X,c,0,11:00 PM,A,A,A,A,A,A,NW,30,48
Susan Y G,d,0,10:00 PM,A,A,A,A,A,A,NW,30,51
Daniel K Z,a,1,11:00 PM,A,A,A,A,A,A,NW,30,49
Kimberly V E,a,0,6:00 PM,A,A,A,A,A,NW,A,30,41
Elizabeth S B,d,1,10:00 PM,A,A,A,A,A,A,A,30,48
Betty I U,d,0,6:00 PM,NW,A,A,A,A,A,NW,30,47
Donald I P,c,0,11:00 PM,A,A,A,A,A,NW,NW,30,48
Richard K Y,d,1,6:00 PM,A,A,A,A,A,A,A,30,50
Joseph H L,b,0,10:00 PM,A,A,A,A,A,A,NW,30,44
Paul D P,d,1,10:00 PM,A,A,A,A,A,A,NW,30,44
Paul W Z,a,0,10:00 PM,A,A,A,A,A,A,NW,30,42
Richard M K,b,1,6:00 PM,A,A,A,A,A,A,NW,30,45
Dorothy Q V,d,1,10:00 PM,A,A,A,A,A,A,A,30,45
Barbara V L,c,1,10:00 PM,A,A,A,A,A,A,NW,30,41
Betty A S,d,0,6:00 PM,A,A,A,A,A,NW,A,30,43
Daniel J K,a,1,11:00 PM,A,A,A,A,NW,A,NW,30,41
John R M,a,0,10:00 PM,A,A,A,A,A,A,A,30,47
Anthony I Q,a,1,11:00 PM,A,A,A,A,A,A,A,30,42
John T W,a,0,11:00 PM,A,A,A,A,A,NW,NW,30,44
James W W,d,1,10:00 PM,A,A,A,NW,A,A,A,30,50
Jessica L S,a,0,6:00 PM,A,A,NW,A,A,A,A,30,47
Christopher J C,a,1,11:00 PM,A,A,A,A,NW,A,A,30,46
Margaret U L,c,0,6:00 PM,A,A,A,A,A,A,A,30,51
Jessica A G,d,0,10:00 PM,A,A,A,A,A,A,A,30,45
Matthew O B,a,0,10:00 PM,A,A,A,NW,A,A,NW,30,51
Patricia T X,a,1,10:00 PM,A,A,A,A,A,A,NW,30,47
William T V,c,0,10:00 PM,A,A,A,A,A,A,A,30,45
Christopher V J,a,0,10:00 PM,A,A,A,A,A,A,A,30,44
Patricia G Y,a,1,10:00 PM,A,A,A,A,A,A,A,30,51
Karen A K,c,1,6:00 PM,A,A,A,A,A,A,NW,30,47
Steven F Y,a,0,10:00 PM,A,A,A,A,A,A,NW,30,43
Michael P D,a,1,11:00 PM,A,A,A,A,A,A,NW,30,46
Thomas U U,c,1,11:00 PM,A,A,A,A,A,A,A,30,43
Linda P X,a,1,10:00 PM,A,A,A,A,A,A,A,30,43
Lisa J L,c,1,6:00 PM,A,A,A,A,A,A,NW,30,42
Christopher Q E,a,0,10:00 PM,A,A,A,A,A,A,NW,30,48
John S V,d,0,10:00 PM,A,A,A,A,A,NW,A,30,49
Ashley K L,d,0,10:00 PM,A,A,A,A,A,A,NW,30,44
Anthony U S,a,0,10:00 PM,A,A,A,A,A,A,NW,30,45
Michael V G,d,0,6:00 PM,A,A,A,A,A,NW,NW,30,50
Susan B K,d,1,11:00 PM,A,A,A,A,A,A,A,30,40
Donald A Y,d,1,11:00 PM,A,A,A,A,A,A,NW,30,44
Dorothy H V,c,1,11:00 PM,A,A,A,A,A,A,NW,30,44
Lisa G J,d,0,11:00 PM,A,A,A,A,A,NW,A,30,47
Robert D G,b,1,11:00 PM,A,A,A,A,A,NW,NW,30,51
William Y K,c,0,11:00 PM,A,A,A,A,A,A,A,30,40
Thomas B J,b,0,6:00 PM,A,A,A,A,A,A,A,30,50
Mary S F,d,1,10:00 PM,A,A,NW,A,A,A,A,30,47
Thomas W L,d,1,6:00 PM,A,A,A,A,A,A,A,30,47
Robert A T,b,1,6:00 PM,A,NW,A,A,A,A,NW,30,51
Anthony V E,a,1,6:00 PM,NW,A,A,A,A,A,NW,30,42
Barbara U P,d,0,6:00 PM,A,A,A,A,A,A,NW,30,43
Jennifer A V,c,0,6:00 PM,A,A,A,A,A,A,A,30,43
Donald V S,b,1,6:00 PM,A,A,NW,A,A,A,NW,30,46
Matthew I O,b,1,10:00 PM,A,A,NW,A,A,A,A,30,47
Barbara O H,d,1,6:00 PM,A,A,A,A,A,A,NW,30,49
Sarah G G,b,1,6:00 PM,A,A,A,A,A,A,A,30,41
Jennifer S C,b,1,11:00 PM,NW,A,A,A,A,A,A,30,45
Anthony C J,c,0,11:00 PM,A,A,A,A,A,A,A,30,51
Margaret D D,a,1,10:00 PM,A,A,A,A,A,A,NW,30,46
Susan W I,a,0,6:00 PM,A,A,A,A,A,A,A,30,50
Christopher S I,b,0,11:00 PM,A,A,A,A,A,A,A,30,41
Robert O D,a,1,6:00 PM,A,A,A,A,NW,A,NW,30,43
Jessica S Q,b,1,11:00 PM,A,A,A,A,A,A,A,30,49
Kimberly H I,a,0,11:00 PM,A,A,A,A,A,A,A,30,47
John Y J,a,0,11:00 PM,A,A,A,A,A,A,NW,30,45
Linda G W,c,0,11:00 PM,A,A,A,A,A,A,A,30,48
David A X,b,0,6:00 PM,A,A,A,A,A,A,NW,30,49
Betty I U,c,1,10:00 PM,A,A,A,A,A,A,A,30,51
Susan Q A,d,0,11:00 PM,A,A,A,NW,A,A,NW,30,45
Richard L B,a,1,11:00 PM,A,A,A,A,A,A,A,30,48
Kimberly Y W,d,0,10:00 PM,A,A,A,A,A,A,NW,30,45
Barbara Q S,b,1,6:00 PM,A,A,A,NW,A,A,A,30,51
James J U,b,0,11:00 PM,A,A,A,A,A,A,A,30,46
Donald J Z,b,1,10:00 PM,A,A,A,A,A,A,A,30,45
Michael E E,d,0,6:00 PM,A,A,A,A,A,A,NW,30,51
Ashley H Q,d,0,6:00 PM,A,A,NW,A,A,A,A,30,40
Mary H M,b,1,6:00 PM,A,A,A,A,A,A,NW,30,44
Sarah H S,b,1,6:00 PM,NW,A,A,A,A,A,NW,30,50
Paul A A,d,1,6:00 PM,A,A,A,A,A,A,NW,30,45
Mary O M,b,0,11:00 PM,A,A,A,A,A,A,A,30,44
Thomas O Z,a,0,11:00 PM,A,A,A,A,A,A,A,30,47
Richard D T,b,0,6:00 PM,A,A,A,A,A,A,A,30,45
James M V,a,0,10:00 PM,A,A,A,A,A,A,NW,30,44
Daniel S W,c,0,6:00 PM,A,A,A,A,A,A,NW,30,43
Steven K E,d,0,11:00 PM,NW,A,A,A,A,A,NW,30,44
Thomas E H,a,0,10:00 PM,A,A,A,A,A,A,NW,30,51
Betty O J,d,0,11:00 PM,A,A,A,A,A,A,A,30,52
Paul F Z,d,0,11:00 PM,A,A,A,A,A,A,NW,30,41
Matthew P N,c,1,10:00 PM,A,A,A,A,A,A,NW,30,49
Paul V V,b,1,6:00 PM,A,A,A,A,A,A,NW,30,48
John S G,a,1,6:00 PM,A,A,A,A,A,A,A,30,48
Donald N X,a,1,11:00 PM,A,A,A,NW,A,A,NW,30,40
Donald U X,a,0,10:00 PM,A,A,A,A,A,A,A,30,43
Jennifer I E,c,0,10:00 PM,A,A,A,A,A,A,NW,30,49
Matthew Q A,b,0,11:00 PM,A,A,A,A,A,A,NW,30,46
Michael Q L,d,1,10:00 PM,A,A,A,A,A,A,A,30,40
Susan R E,d,1,11:00 PM,NW,A,A,A,A,A,NW,30,46
Sarah M P,a,0,10:00 PM,A,A,A,NW,A,A,NW,30,50
Charles U X,d,1,6:00 PM,A,A,A,A,A,NW,A,30,51
Karen J J,c,1,11:00 PM,A,A,A,A,A,A,A,30,51
John K G,a,0,10:00 PM,A,A,A,NW,A,A,NW,30,46
Lisa O N,a,1,10:00 PM,A,A,A,A,A,A,NW,30,46
Sarah B N,a,0,10:00 PM,A,A,NW,A,A,A,NW,30,43
Steven T D,a,0,11:00 PM,A,A,A,A,A,A,NW,30,50
Dorothy I L,c,0,10:00 PM,A,A,A,A,A,A,NW,30,50
Charles I H,d,1,10:00 PM,A,A,A,A,A,A,NW,30,50
Dorothy D D,b,0,10:00 PM,A,A,A,A,A,A,A,30,43
William F Y,b,0,11:00 PM,A,A,A,A,A,A,NW,30,41
Richard Y D,a,0,11:00 PM,A,A,A,A,A,A,A,30,48
Mary M Z,c,1,6:00 PM,A,A,A,A,A,A,A,30,51
Sandra C E,b,0,11:00 PM,A,A,A,A,A,A,NW,30,51
Richard M J,b,1,11:00 PM,A,A,A,A,A,A,A,30,46
James T Y,d,0,11:00 PM,A,A,A,A,A,A,NW,30,48
Dorothy P Y,a,0,6:00 PM,A,A,A,A,A,NW,A,30,41
Anthony I R,d,1,6:00 PM,A,A,A,A,A,A,NW,30,43
Donald Q C,d,1,10:00 PM,A,A,A,A,A,A,NW,30,46
Lisa F V,a,0,11:00 PM,A,A,A,A,A,A,A,30,51
Daniel I V,c,0,10:00 PM,A,A,A,A,A,A,A,30,46
Richard A Y,d,0,10:00 PM,A,A,A,A,A,A,NW,30,47
John L X,b,1,10:00 PM,A,A,A,A,A,A,A,30,41
Margaret Q N,a,0,11:00 PM,A,A,A,A,A,A,NW,30,52
Thomas Q K,c,0,11:00 PM,A,A,A,A,A,A,NW,30,46
Dorothy V P,c,0,6:00 PM,A,A,A,NW,A,A,A,30,42
Christopher F F,c,1,6:00 PM,A,NW,A,A,A,A,A,30,44
Joseph K F,b,1,10:00 PM,A,A,A,A,A,A,NW,30,46
Jennifer O G,d,0,10:00 PM,A,A,A,A,A,A,NW,30,42
Ashley L G,d,1,11:00 PM,A,A,A,A,A,A,NW,30,42
Thomas M B,b,1,6:00 PM,A,A,A,A,A,A,NW,30,51
James Z I,b,0,10:00 PM,A,A,A,A,A,A,NW,30,50
Daniel H X,c,1,10:00 PM,A,A,A,A,A,A,NW,30,41
Charles H L,c,1,6:00 PM,A,A,A,A,NW,A,NW,30,43
Kimberly I K,d,1,11:00 PM,A,A,A,A,A,A,A,30,48
Mark Q V,a,0,10:00 PM,A,A,A,A,A,A,NW,30,43
Barbara H F,d,0,11:00 PM,A,A,A,A,A,A,NW,30,40
Elizabeth P J,d,0,10:00 PM,A,A,A,A,A,A,NW,30,48
Mary C V,d,0,11:00 PM,A,A,A,A,A,A,NW,30,42
Jessica U R,d,0,10:00 PM,A,A,A,A,A,A,A,30,44
Kimberly R Z,a,1,10:00 PM,A,A,A,A,A,A,NW,30,43
Christopher K S,b,0,10:00 PM,A,A,A,A,A,A,A,30,42
Anthony G C,d,0,11:00 PM,NW,A,A,A,A,A,A,30,42
Richard H I,b,1,6:00 PM,A,A,A,NW,A,A,A,30,42
Jessica J K,a,0,11:00 PM,A,A,A,A,A,A,A,30,52
Jennifer K A,b,1,11:00 PM,A,A,A,A,A,A,A,30,49
Nancy P B,a,1,11:00 PM,A,A,A,A,A,NW,A,30,51
Mark P L,a,1,10:00 PM,A,A,A,A,A,A,A,30,47
Linda S C,d,0,10:00 PM,A,A,A,A,A,A,A,30,44
Karen N R,a,1,11:00 PM,A,A,A,A,A,A,A,30,42
Michael W L,c,1,11:00 PM,A,NW,A,A,A,A,NW,30,46
Richard T P,b,1,10:00 PM,A,A,A,A,NW,A,NW,30,46
Elizabeth K F,d,0,6:00 PM,A,A,A,A,A,A,A,30,49
Anthony N X,c,0,10:00 PM,A,A,A,A,A,A,A,30,46
Christopher D R,b,1,10:00 PM,A,A,A,A,A,A,A,30,42
Ashley J F,c,1,11:00 PM,A,A,A,A,A,A,NW,30,50
Christopher O L,d,0,11:00 PM,A,A,A,A,A,A,NW,30,42
Thomas W C,b,0,10:00 PM,A,A,A,A,A,A,A,30,46
Steven N Z,b,1,11:00 PM,A,A,A,A,A,A,A,30,41
Betty N I,a,1,10:00 PM,A,A,A,A,A,A,NW,30,44
Richard J Z,c,0,6:00 PM,A,A,A,A,A,A,A,30,48
Ashley Z L,c,1,11:00 PM,A,A,A,A,A,A,NW,30,42
Lisa R H,b,0,6:00 PM,A,A,A,A,A,A,NW,30,46
Charles F Z,c,1,10:00 PM,A,A,A,A,A,A,A,30,46
Anthony E M,b,0,6:00 PM,A,A,A,A,A,A,NW,30,51
Susan T W,b,1,11:00 PM,A,A,A,A,A,A,NW,30,46
Donald Z U,a,1,6:00 PM,A,A,A,A,A,A,NW,30,41
Jessica E A,b,0,11:00 PM,A,A,A,A,A,NW,NW,30,42
John R Z,c,0,6:00 PM,A,A,A,A,A,A,A,30,43
Barbara J W,d,1,11:00 PM,A,A,A,A,A,A,NW,30,50
Robert Q B,a,0,10:00 PM,A,A,A,A,A,A,A,30,43
Linda R V,d,1,6:00 PM,A,A,A,A,A,A,NW,30,47
Sarah A T,b,1,6:00 PM,A,A,A,A,A,A,A,30,41
Karen Q O,a,0,6:00 PM,A,A,A,A,A,A,NW,30,42
James V L,a,1,11:00 PM,A,A,A,A,A,A,NW,30,47
Mark J T,b,1,6:00 PM,A,A,A,A,A,A,NW,30,41
Jessica E J,c,1,6:00 PM,A,A,A,A,A,A,A,30,49
Paul F R,b,0,11:00 PM,A,A,NW,A,A,A,A,30,45
Michael S E,b,1,11:00 PM,A,A,A,A,A,A,NW,30,43
Kimberly Q C,b,1,6:00 PM,A,A,A,A,A,A,A,30,50
William G G,b,0,6:00 PM,A,A,A,A,A,A,NW,30,48
Susan U V,b,0,11:00 PM,A,A,A,A,A,A,NW,30,41
Jessica O F,c,1,6:00 PM,A,A,A,A,A,A,NW,30,48
Jessica U S,a,1,6:00 PM,A,A,A,A,A,A,NW,30,42
Betty C Q,c,0,10:00 PM,A,A,A,A,A,A,A,30,51
Karen I G,b,1,10:00 PM,A,A,A,A,A,NW,NW,30,42
James O P,a,1,6:00 PM,A,A,A,A,A,A,A,30,47
David Z P,a,0,10:00 PM,A,A,A,A,A,A,NW,30,43
David G G,a,0,10:00 PM,A,NW,A,A,A,A,NW,30,51
Steven X J,d,1,11:00 PM,A,A,A,A,A,A,A,30,44
Robert X N,c,1,6:00 PM,A,A,A,A,A,A,A,30,47
Patricia W Z,c,0,6:00 PM,A,A,A,A,A,A,A,30,42
Elizabeth W U,c,1,10:00 PM,A,A,NW,A,A,A,NW,30,46
James P B,b,1,10:00 PM,A,A,A,A,A,A,NW,30,47
Kimberly A Q,c,1,6:00 PM,A,A,A,A,A,A,NW,30,49
Mark X O,d,1,11:00 PM,A,A,A,A,A,A,NW,30,47
Donald N V,d,1,6:00 PM,A,A,A,A,A,A,NW,30,48
Sarah V B,c,1,11:00 PM,A,A,A,A,A,A,A,30,50
Jennifer M H,d,1,6:00 PM,A,A,A,A,A,A,NW,30,44
Dorothy K T,c,0,6:00 PM,A,A,A,A,A,A,A,30,44
Jennifer Y T,d,1,11:00 PM,A,A,A,A,NW,A,NW,30,40
Matthew K O,a,1,11:00 PM,A,A,NW,A,A,A,NW,30,47
Nancy L U,a,0,11:00 PM,A,A,A,A,A,A,A,30,52
Susan J V,b,0,11:00 PM,A,A,A,A,A,A,NW,30,49
Lisa Z O,a,0,11:00 PM,A,A,A,A,A,NW,NW,30,52
Paul M D,b,0,11:00 PM,A,A,A,A,A,A,A,30,45
Sandra I I,a,0,11:00 PM,A,A,A,A,A,A,NW,30,49
Barbara Q Z,d,0,10:00 PM,A,A,A,A,A,A,A,30,42
Barbara Y R,b,0,6:00 PM,A,A,A,A,A,A,A,30,45
Nancy H I,d,0,11:00 PM,A,A,A,A,A,A,NW,30,48
Betty K J,d,1,10:00 PM,A,A,A,A,A,A,NW,30,45
John O W,b,1,6:00 PM,A,A,A,A,A,NW,A,30,40
Linda U B,a,0,6:00 PM,A,A,A,A,A,A,A,30,44
Jessica A D,a,0,6:00 PM,A,A,A,A,A,A,NW,30,48
James A A,d,1,10:00 PM,A,NW,A,A,A,A,NW,30,45
Donald L D,c,0,10:00 PM,A,A,A,NW,A,A,NW,30,45
Richard X M,c,1,6:00 PM,A,A,A,A,A,A,A,30,50
Thomas F W,b,0,10:00 PM,A,A,NW,A,A,A,A,30,43
Sandra A U,d,1,10:00 PM,A,A,A,A,A,A,A,30,47
Lisa X I,b,0,11:00 PM,A,A,A,A,A,A,NW,30,50
Linda M H,b,0,10:00 PM,NW,A,A,A,A,A,A,30,50
Robert C O,a,0,6:00 PM,A,A,A,A,A,A,NW,30,43
Ashley S Q,a,0,6:00 PM,NW,A,A,A,A,A,NW,30,41
Steven A N,d,1,10:00 PM,A,A,A,A,A,A,NW,30,43
Patricia G F,c,0,10:00 PM,A,A,A,A,A,A,NW,30,42
Joseph L S,a,1,6:00 PM,A,A,A,A,A,A,A,30,40
John W N,b,1,6:00 PM,A,A,A,A,A,A,NW,30,44
Thomas X G,c,0,10:00 PM,A,A,A,A,A,A,A,30,46
Ashley S F,a,0,10:00 PM,A,A,NW,A,A,A,A,30,48
Lisa B M,b,1,11:00 PM,A,A,A,A,A,A,NW,30,45
Margaret J W,a,1,6:00 PM,A,A,A,A,A,A,A,30,42
Betty F B,a,0,10:00 PM,A,A,A,A,A,NW,A,30,47
Sandra E E,a,1,10:00 PM,A,A,A,A,A,A,NW,30,49
Lisa D O,b,1,10:00 PM,A,A,A,A,A,A,A,30,48
Richard N O,b,0,6:00 PM,A,A,A,A,A,A,NW,30,50
Richard L F,a,1,11:00 PM,A,A,A,A,A,A,NW,30,43
Kimberly M M,b,0,10:00 PM,A,A,A,A,A,A,NW,30,46
James J L,a,0,11:00 PM,A,A,A,A,A,A,A,30,46
Donald L G,d,0,6:00 PM,A,A,A,A,A,A,NW,30,44
Sarah N I,c,1,11:00 PM,A,A,A,A,NW,A,A,30,48
Mark X L,b,1,11:00 PM,A,A,A,A,A,A,A,30,42
Elizabeth F D,a,1,11:00 PM,A,A,A,A,A,A,NW,30,50
John F R,a,0,6:00 PM,A,A,A,A,A,NW,A,30,40
Kimberly U P,d,0,6:00 PM,A,NW,A,A,A,A,NW,30,45
David U Q,a,1,10:00 PM,A,A,A,A,A,NW,NW,30,47
Mark T M,c,1,10:00 PM,A,A,A,A,A,A,A,30,45
John J P,b,1,10:00 PM,A,A,A,A,A,A,A,30,48
William F P,d,0,11:00 PM,A,A,A,A,A,A,NW,30,40
Thomas F R,a,1,11:00 PM,A,A,A,A,A,A,A,30,50
Anthony Z L,a,1,11:00 PM,A,A,A,A,A,A,NW,30,41
Charles N J,a,0,6:00 PM,A,NW,A,A,A,A,NW,30,43
Christopher D B,d,0,10:00 PM,A,A,A,A,A,A,A,30,44
Susan T W,b,1,6:00 PM,A,A,A,A,A,A,A,30,40
Susan O G,c,0,11:00 PM,A,A,A,NW,A,A,NW,30,41
Joseph T X,c,0,10:00 PM,A,A,A,A,A,A,NW,30,50
Steven W F,a,0,6:00 PM,A,A,A,A,A,A,A,30,49
Barbara Z L,a,0,10:00 PM,A,A,A,A,A,A,NW,30,49
William C D,b,0,10:00 PM,A,A,A,A,A,A,A,30,48
Paul K R,a,0,10:00 PM,A,A,A,A,A,A,NW,30,41
Kimberly W R,c,1,11:00 PM,A,A,A,A,A,A,NW,30,44
David H Q,b,0,11:00 PM,A,A,NW,A,A,A,A,30,40
Lisa E Y,d,1,10:00 PM,A,A,A,NW,A,A,NW,30,41
Robert G T,d,0,11:00 PM,A,NW,A,A,A,A,A,30,40
Anthony E R,b,1,6:00 PM,A,A,NW,A,A,A,NW,30,42
Linda I V,a,1,6:00 PM,A,A,A,A,A,A,A,30,41
Anthony A A,c,0,6:00 PM,A,A,A,A,A,NW,A,30,40
Margaret Y S,b,0,11:00 PM,A,A,A,A,A,A,NW,30,43
Christopher P R,b,0,10:00 PM,A,A,A,A,A,A,A,30,50
Ashley Y P,a,1,6:00 PM,A,A,A,NW,A,A,NW,30,41
John S E,c,0,6:00 PM,A,A,A,A,A,A,NW,30,52
Robert W E,c,1,11:00 PM,A,A,A,A,A,A,NW,30,48
Donald D M,d,1,11:00 PM,A,A,A,A,A,A,NW,30,50
Mark P B,d,0,11:00 PM,A,A,A,A,A,A,NW,30,48
Susan W O,b,0,10:00 PM,A,A,A,A,A,A,NW,30,49
Margaret O A,c,0,10:00 PM,A,A,NW,A,A,A,NW,30,44
Sandra K Q,a,1,11:00 PM,A,A,A,A,A,A,NW,30,43
Charles S C,a,1,6:00 PM,A,A,A,A,A,A,NW,30,48
Daniel E L,b,0,11:00 PM,A,A,A,A,A,A,NW,30,47
Robert S U,b,1,6:00 PM,A,A,A,A,A,A,NW,30,46
Steven O I,c,0,11:00 PM,NW,A,A,A,A,A,NW,30,42
Sarah V R,a,0,10:00 PM,A,A,A,A,A,A,NW,30,43
John A W,d,0,6:00 PM,A,A,A,A,A,A,NW,30,47
Mark F T,d,1,10:00 PM,A,A,A,A,A,A,NW,30,45
Betty E S,d,1,6:00 PM,A,A,A,A,A,A,A,30,52
Joseph I C,c,0,6:00 PM,A,A,A,A,NW,A,NW,30,47
Christopher M I,c,0,11:00 PM,A,A,A,A,NW,A,NW,30,45
Steven M X,b,0,6:00 PM,A,A,A,A,A,A,A,30,51
Matthew F W,a,0,11:00 PM,A,A,A,A,A,A,NW,30,41
Barbara J Z,d,1,10:00 PM,A,A,A,A,A,NW,NW,30,43
Joseph B J,a,0,11:00 PM,A,A,A,A,A,A,NW,30,44
Joseph X N,c,1,10:00 PM,A,A,A,NW,A,A,A,30,50
William Q Y,a,1,10:00 PM,NW,A,A,A,A,A,NW,30,49
Margaret P P,d,0,11:00 PM,A,A,A,A,A,A,NW,30,44
Lisa G O,a,1,6:00 PM,A,A,A,A,A,A,NW,30,50
Elizabeth C Y,d,1,10:00 PM,A,A,A,A,A,A,A,30,41
Margaret C I,c,0,6:00 PM,A,A,A,A,A,A,A,30,46
David W W,b,1,10:00 PM,A,A,A,A,A,A,NW,30,48
Jessica A Q,d,0,10:00 PM,A,A,A,A,A,A,NW,30,44
Robert S G,b,0,10:00 PM,A,NW,A,A,A,A,NW,30,41
Dorothy M Z,d,0,11:00 PM,A,A,A,A,A,A,A,30,43
David P Z,b,0,11:00 PM,A,A,NW,A,A,A,NW,30,46
Paul V Y,c,1,10:00 PM,A,A,A,A,A,A,A,30,44
John Z R,a,0,11:00 PM,A,A,A,A,A,A,A,30,45
Robert K S,d,1,11:00 PM,A,A,A,A,NW,A,NW,30,41
Paul R F,d,1,10:00 PM,A,A,A,A,A,A,NW,30,40
Paul I B,d,1,10:00 PM,NW,A,A,A,A,A,A,30,51
Charles Q J,c,0,11:00 PM,A,A,A,A,A,A,NW,30,41
Jennifer G N,d,1,11:00 PM,A,A,A,A,A,A,NW,30,44
Betty J O,c,1,10:00 PM,A,A,NW,A,A,A,NW,30,48
Karen G B,b,1,11:00 PM,NW,A,A,A,A,A,NW,30,50
Thomas F Y,a,1,10:00 PM,A,A,A,A,A,A,NW,30,44
Kimberly D F,b,1,6:00 PM,A,A,A,A,A,A,A,30,48
Mark T Y,a,0,10:00 PM,A,A,A,A,A,A,A,30,46
Barbara W Y,a,1,10:00 PM,A,A,A,A,A,A,A,30,41
James B R,b,1,10:00 PM,A,A,A,A,A,A,A,30,45
Charles U H,d,1,6:00 PM,A,A,A,A,A,A,NW,30,40
Joseph W F,d,1,10:00 PM,A,A,A,A,A,A,A,30,52
Barbara C G,b,0,10:00 PM,A,A,A,A,A,A,NW,30,49
David W L,c,1,10:00 PM,A,A,A,A,A,A,NW,30,44
Lisa C O,a,1,6:00 PM,A,A,A,A,NW,A,A,30,43
Linda S Y,a,1,6:00 PM,A,A,A,A,A,A,A,30,45
Lisa D I,a,0,11:00 PM,A,A,A,A,A,A,A,30,44
Matthew C X,a,1,6:00 PM,A,A,A,A,NW,A,A,30,44
Sarah L F,a,0,10:00 PM,A,A,A,A,A,A,A,30,51
Thomas L C,d,1,10:00 PM,A,A,A,A,A,A,NW,30,45
Mark B U,c,0,11:00 PM,A,A,A,A,A,A,A,30,49
Nancy A Y,a,1,11:00 PM,A,A,A,A,A,A,NW,30,42
Charles X P,c,1,10:00 PM,A,A,A,A,A,A,NW,30,46
Barbara R P,b,1,11:00 PM,A,A,A,A,A,A,NW,30,46
Matthew E I,c,1,6:00 PM,A,A,A,A,A,A,A,30,47
Margaret X J,d,1,10:00 PM,A,A,A,A,A,A,NW,30,48
Anthony B S,c,1,10:00 PM,A,A,A,A,A,A,NW,30,50
Jessica B I,c,0,6:00 PM,A,A,A,A,A,A,A,30,43
Dorothy B P,b,1,10:00 PM,A,A,A,A,A,A,NW,30,45
Nancy X F,a,1,10:00 PM,A,A,A,NW,A,A,A,30,41
Susan U G,c,1,6:00 PM,A,A,A,A,NW,A,NW,30,47
Donald M Q,d,0,11:00 PM,A,A,A,A,A,A,A,30,51
Christopher K F,b,1,10:00 PM,A,A,A,A,A,A,A,30,45
Donald G M,c,1,6:00 PM,A,NW,A,A,A,A,A,30,52
Betty F W,c,1,6:00 PM,A,A,A,A,A,A,NW,30,47
Paul Y V,b,1,11:00 PM,A,A,A,A,A,A,NW,30,43
Sandra V E,d,0,11:00 PM,A,A,A,A,A,A,A,30,46
John F O,d,1,10:00 PM,A,A,A,A,A,A,A,30,48
Barbara I W,d,0,6:00 PM,A,A,A,A,A,A,NW,30,48
Betty I N,c,0,10:00 PM,A,A,A,A,NW,A,A,30,48
Paul F R,c,0,6:00 PM,A,A,A,A,A,NW,A,30,42
Mary O P,d,0,6:00 PM,A,A,A,A,A,A,NW,30,42
Elizabeth R Q,a,1,10:00 PM,A,A,A,A,A,A,NW,30,43
Daniel S I,d,0,10:00 PM,A,A,A,A,A,A,NW,30,49
Lisa A Z,b,0,6:00 PM,A,A,A,A,A,A,NW,30,46
Matthew Y N,c,0,6:00 PM,A,A,A,A,A,A,NW,30,48
Patricia X V,b,0,10:00 PM,A,A,A,A,A,A,A,30,50
Dorothy Y Q,b,1,11:00 PM,A,A,A,A,A,A,A,30,47
Matthew G C,a,1,6:00 PM,A,A,A,A,A,A,A,30,46
Betty V J,a,0,11:00 PM,A,A,A,A,A,A,A,30,45
Richard P J,d,0,10:00 PM,A,A,A,A,A,A,A,30,46
Anthony J K,a,1,11:00 PM,A,A,A,A,A,A,A,30,42
Ashley E G,c,1,11:00 PM,A,A,A,A,A,A,A,30,49
Mark P D,c,1,6:00 PM,A,A,A,A,A,A,A,30,51
Karen Z Y,c,1,6:00 PM,A,A,A,A,A,A,A,30,50
Jennifer O Y,c,0,11:00 PM,A,A,NW,A,A,A,NW,30,50
Linda W O,c,0,6:00 PM,NW,A,A,A,A,A,A,30,50
Jessica C V,d,0,11:00 PM,A,NW,A,A,A,A,A,30,42
Paul R E,c,1,11:00 PM,A,A,A,A,A,A,NW,30,52
Susan M R,d,1,10:00 PM,A,A,A,A,A,A,A,30,48
Matthew P Z,b,1,11:00 PM,A,A,A,A,A,A,A,30,45
Karen S N,b,0,10:00 PM,A,A,A,A,NW,A,NW,30,51
Barbara Y U,a,0,6:00 PM,A,A,A,A,A,A,NW,30,47
Paul I K,c,0,11:00 PM,A,A,A,A,A,A,NW,30,52
Matthew U M,b,1,10:00 PM,A,A,A,A,A,A,NW,30,49
Nancy W X,d,1,10:00 PM,A,A,A,A,A,A,NW,30,44
Daniel Z K,d,0,10:00 PM,A,A,A,A,A,A,NW,30,49
Dorothy J R,d,1,11:00 PM,A,A,A,A,A,A,A,30,49
Steven P H,a,1,6:00 PM,A,A,A,NW,A,A,A,30,44
Charles S Y,d,0,11:00 PM,NW,A,A,A,A,A,A,30,51
Thomas M W,a,1,6:00 PM,A,A,A,A,A,A,A,30,42
Jennifer N H,d,1,10:00 PM,A,A,A,A,A,A,A,30,44
Ashley P V,a,1,11:00 PM,A,A,A,A,A,A,A,30,48
Christopher E Z,a,0,10:00 PM,A,A,A,A,A,A,NW,30,46
Betty M Z,b,1,6:00 PM,A,A,A,A,A,A,A,30,48
Nancy K S,b,1,10:00 PM,A,A,NW,A,A,A,NW,30,52
Michael U G,d,0,10:00 PM,A,A,A,A,A,A,NW,30,41
Lisa P X,b,1,6:00 PM,A,A,A,A,A,A,A,30,49
Ashley O B,a,1,6:00 PM,A,A,A,A,A,A,NW,30,50
William V I,a,0,10:00 PM,A,A,A,A,A,A,NW,30,43
Kimberly P E,c,0,6:00 PM,A,A,A,A,A,A,NW,30,43
Betty F Z,c,0,11:00 PM,A,A,A,A,A,A,A,30,45
Kimberly O Q,a,0,11:00 PM,A,A,A,A,A,A,A,30,45
Mary V T,b,0,6:00 PM,A,A,A,A,A,A,NW,30,46
Paul N O,a,0,11:00 PM,A,A,A,A,A,A,A,30,43
Mark H Y,d,0,10:00 PM,A,A,A,A,A,NW,A,30,46
Daniel D V,c,1,6:00 PM,A,A,A,A,A,A,NW,30,50
Elizabeth Z Z,c,1,11:00 PM,A,A,A,NW,A,A,A,30,51
Ashley B I,b,1,6:00 PM,NW,A,A,A,A,A,NW,30,48
Margaret P Z,a,1,11:00 PM,A,A,A,NW,A,A,A,30,43
John Q P,c,0,6:00 PM,A,A,NW,A,A,A,A,30,50
Jennifer H P,b,1,10:00 PM,A,A,A,A,A,A,NW,30,45
Ashley Q A,c,0,10:00 PM,A,A,A,A,A,A,NW,30,43
Sandra G Y,b,0,6:00 PM,A,A,A,A,A,A,NW,30,42
Matthew H T,c,0,11:00 PM,A,A,A,A,A,A,A,30,52
Donald B V,d,1,11:00 PM,A,A,A,A,A,A,NW,30,41
Christopher G X,c,1,6:00 PM,A,A,A,A,A,A,A,30,46
Susan Y L,a,1,11:00 PM,A,A,A,A,A,A,A,30,42
Paul S S,b,1,11:00 PM,A,A,A,A,A,A,A,30,50
Margaret C W,b,1,6:00 PM,A,A,A,A,NW,A,A,30,42
Jennifer F C,c,1,11:00 PM,A,A,A,A,A,A,NW,30,49
Steven F Z,a,0,10:00 PM,A,A,A,A,A,A,NW,30,42
Robert D I,c,1,11:00 PM,A,A,A,A,A,A,NW,30,51
Kimberly I T,c,1,6:00 PM,A,A,A,A,A,A,NW,30,48
Lisa R A,c,0,6:00 PM,A,A,A,A,A,A,A,30,45
John L W,d,0,6:00 PM,A,A,A,A,A,A,NW,30,52
Charles W E,b,0,10:00 PM,A,A,A,A,A,A,NW,30,46
David E V,a,0,11:00 PM,A,A,A,A,A,A,A,30,45
Betty S H,d,0,6:00 PM,A,A,A,A,A,A,NW,30,42
Mark J Y,d,0,6:00 PM,A,A,A,A,A,NW,NW,30,49
Daniel F O,c,0,6:00 PM,A,A,NW,A,A,A,NW,30,47
Dorothy H J,c,1,11:00 PM,A,A,A,A,A,A,A,30,43
Elizabeth W D,c,0,11:00 PM,A,A,A,A,A,A,NW,30,43
Christopher R K,b,0,11:00 PM,A,A,A,NW,A,A,NW,30,43
Betty I W,c,0,11:00 PM,A,A,A,A,NW,A,NW,30,46
Kimberly R Y,d,1,11:00 PM,A,A,A,A,A,A,A,30,41
Jennifer Y W,b,1,11:00 PM,A,A,A,A,A,A,A,30,43
Betty A E,d,1,6:00 PM,A,A,A,A,A,A,NW,30,49
David Q U,b,1,10:00 PM,A,A,A,A,A,A,NW,30,47
Dorothy D U,b,1,6:00 PM,A,A,A,A,A,A,A,30,50
Lisa Z M,b,0,10:00 PM,A,A,A,A,A,A,NW,30,49
Kimberly X T,d,0,6:00 PM,A,A,A,A,A,A,NW,30,40
William Y P,b,0,6:00 PM,A,A,A,A,A,A,A,30,47
Barbara J U,d,1,10:00 PM,A,A,A,A,NW,A,NW,30,45
Susan N O,a,0,6:00 PM,A,A,A,A,A,A,NW,30,44
Susan J E,d,0,10:00 PM,A,A,A,A,A,A,NW,30,52
Nancy K X,d,0,10:00 PM,A,A,A,A,A,A,NW,30,48
Ashley V O,b,0,10:00 PM,A,A,A,A,A,A,A,30,43
Thomas W D,b,1,6:00 PM,A,A,A,A,A,A,NW,30,46
Patricia E Z,c,0,11:00 PM,A,A,A,A,A,A,NW,30,41
Matthew W S,a,1,6:00 PM,A,A,A,A,A,A,A,30,49
Nancy H X,a,1,6:00 PM,A,A,A,A,A,A,NW,30,44
Nancy M G,c,1,10:00 PM,A,A,A,A,A,A,A,30,42
Barbara B K,d,0,10:00 PM,A,A,A,A,A,A,NW,30,42
Susan M U,d,1,11:00 PM,A,A,A,NW,A,A,NW,30,40
Steven U O,b,1,10:00 PM,A,A,A,A,A,A,NW,30,49
Linda N M,a,0,11:00 PM,A,A,A,A,A,A,NW,30,49
Barbara U S,b,0,6:00 PM,A,A,A,A,A,A,NW,30,46
John B Y,c,0,10:00 PM,A,A,A,NW,A,A,A,30,44
David T I,a,1,6:00 PM,A,NW,A,A,A,A,NW,30,45
Lisa Q W,b,1,11:00 PM,A,A,A,A,A,A,NW,30,51
Ashley B Y,a,0,11:00 PM,A,A,A,A,A,A,NW,30,41
Steven F I,a,1,11:00 PM,A,A,A,A,A,A,A,30,40
Donald O S,b,0,6:00 PM,A,A,A,A,A,A,NW,30,43
James K Y,b,1,11:00 PM,A,A,A,A,A,A,A,30,46
Richard D N,a,1,11:00 PM,A,A,A,A,A,A,NW,30,40
Nancy I S,c,1,6:00 PM,A,A,A,A,A,A,A,30,41
Barbara Z U,d,1,6:00 PM,A,A,A,A,A,A,NW,30,48
Mark P S,a,1,11:00 PM,A,A,A,A,A,A,NW,30,45
David A O,c,1,10:00 PM,A,A,A,A,A,A,A,30,51
Lisa V P,a,0,11:00 PM,A,A,A,A,A,A,NW,30,51
Susan H J,b,1,10:00 PM,A,A,A,A,NW,A,A,30,43
James C N,c,0,6:00 PM,A,A,A,A,A,A,NW,30,45
Susan E S,c,0,6:00 PM,A,A,A,A,A,A,NW,30,51
Thomas Y L,a,0,6:00 PM,A,A,A,A,A,A,A,30,47
Mark R J,d,1,6:00 PM,A,A,A,A,A,A,A,30,44
Nancy C I,a,1,6:00 PM,A,A,A,A,A,A,NW,30,50
Richard W P,d,0,6:00 PM,A,A,A,A,A,A,A,30,51
Sarah W B,c,1,6:00 PM,A,A,A,A,A,A,NW,30,48
Dorothy P Z,d,1,10:00 PM,A,NW,A,A,A,A,A,30,43
Jennifer V N,b,0,11:00 PM,A,A,A,A,A,A,NW,30,50
Elizabeth N W,d,0,11:00 PM,NW,A,A,A,A,A,NW,30,45
Lisa C A,d,0,6:00 PM,A,A,A,A,A,A,NW,30,48
Christopher P Z,c,0,6:00 PM,A,A,A,A,A,A,A,30,46
Betty U A,d,0,6:00 PM,A,A,A,A,A,A,A,30,51
Sandra X J,c,0,11:00 PM,A,A,A,A,A,A,A,30,41
Lisa N A,b,1,10:00 PM,A,A,A,A,NW,A,A,30,42
Mark W S,b,0,10:00 PM,A,A,A,A,A,A,A,30,42
Paul R T,a,0,10:00 PM,A,A,A,A,A,A,NW,30,43
James S Z,a,1,11:00 PM,A,A,A,A,NW,A,A,30,43
Karen S T,a,0,10:00 PM,A,A,A,A,A,NW,A,30,42
Betty J D,b,1,6:00 PM,A,A,A,A,A,A,A,30,48
Paul F Z,d,1,6:00 PM,A,A,A,A,A,A,A,30,43
Joseph C A,c,0,11:00 PM,A,A,A,A,A,A,A,30,43
Anthony X E,b,1,10:00 PM,A,A,A,A,A,A,A,30,42
Thomas H S,d,0,11:00 PM,A,A,A,A,A,A,A,30,45
Anthony H D,a,1,11:00 PM,A,A,A,A,A,A,A,30,52
Patricia L Z,c,1,10:00 PM,A,A,NW,A,A,A,A,30,44
Steven J I,a,1,10:00 PM,A,A,A,A,A,A,A,30,44
Linda S O,c,0,6:00 PM,A,A,A,A,A,NW,A,30,41
Kimberly U Z,d,1,10:00 PM,A,A,A,A,A,A,NW,30,44
Dorothy Q G,b,0,10:00 PM,A,A,A,A,A,A,NW,30,43
Lisa T E,a,1,6:00 PM,A,A,A,A,A,A,A,30,49
Kimberly N X,b,0,6:00 PM,A,A,A,A,A,A,A,30,41
Patricia L D,d,1,6:00 PM,A,A,A,A,A,A,NW,30,42
James W U,d,1,6:00 PM,A,A,NW,A,A,A,A,30,43
Linda R W,d,1,10:00 PM,A,A,NW,A,A,A,A,30,43
Anthony M Y,b,1,11:00 PM,A,A,A,A,A,A,NW,30,50
Charles R S,b,1,11:00 PM,A,A,A,A,A,A,NW,30,49
Richard J A,c,1,11:00 PM,A,A,A,A,A,A,NW,30,47
Michael J B,b,1,6:00 PM,A,A,A,A,A,A,A,30,43
Dorothy X W,b,0,10:00 PM,A,A,A,A,A,A,A,30,44
William N J,d,0,11:00 PM,A,A,A,A,A,A,NW,30,47
Margaret H P,c,1,10:00 PM,A,A,A,A,A,A,NW,30,49
Jennifer T S,b,0,10:00 PM,NW,A,A,A,A,A,A,30,45
Betty D S,b,1,6:00 PM,A,A,A,A,A,A,A,30,46
Matthew Y I,d,0,6:00 PM,A,A,A,A,A,A,A,30,51
Charles I P,b,1,10:00 PM,A,A,A,A,A,A,A,30,48
Ashley O Q,d,0,10:00 PM,A,A,A,A,A,A,NW,30,46
Dorothy I V,c,1,10:00 PM,A,A,A,A,A,A,NW,30,41
Dorothy C O,d,0,10:00 PM,A,A,A,NW,A,A,NW,30,42
Anthony F S,d,1,10:00 PM,A,A,A,A,A,A,NW,30,42
Ashley O M,c,0,10:00 PM,A,A,A,A,A,A,NW,30,47
Joseph B P,a,1,6:00 PM,A,NW,A,A,A,A,NW,30,41
Richard E P,d,1,10:00 PM,A,A,A,A,A,A,NW,30,40
Kimberly W S,b,1,10:00 PM,A,A,A,NW,A,A,NW,30,44
Matthew B H,d,1,11:00 PM,A,A,A,A,A,A,NW,30,49
William I X,c,1,11:00 PM,A,A,A,A,A,A,A,30,48
Elizabeth B O,b,0,11:00 PM,A,A,A,A,A,A,NW,30,50
Barbara T V,c,1,6:00 PM,A,A,A,A,A,A,A,30,48
Richard L H,d,0,10:00 PM,A,A,A,A,A,A,A,30,47
Sarah Y O,c,1,6:00 PM,A,A,A,A,A,A,NW,30,46
Kimberly O Z,c,0,10:00 PM,A,A,A,A,A,A,NW,30,43
Steven D S,a,1,6:00 PM,A,A,A,A,A,A,NW,30,47
James J E,d,0,6:00 PM,A,NW,A,A,A,A,NW,30,48
Barbara U P,d,0,6:00 PM,A,A,A,A,A,A,NW,30,41
Karen Y B,d,0,6:00 PM,A,A,A,A,A,A,NW,30,47
Matthew E G,d,0,11:00 PM,A,NW,A,A,A,A,A,30,41
Barbara E B,b,1,6:00 PM,A,A,NW,A,A,A,NW,30,47
Mark O W,c,0,6:00 PM,A,A,A,A,A,A,NW,30,42
Sarah J M,d,1,10:00 PM,A,A,A,A,A,A,A,30,41
Robert H J,b,0,10:00 PM,A,A,A,NW,A,A,NW,30,41
Daniel M X,d,1,11:00 PM,A,A,A,A,A,A,A,30,51
Daniel O X,c,0,6:00 PM,A,A,A,A,A,A,A,30,47
Mary Z H,d,0,10:00 PM,A,A,A,A,A,A,A,30,43
Mary I P,b,1,6:00 PM,A,A,A,A,A,A,A,30,41
William B O,b,0,6:00 PM,A,A,A,A,A,A,A,30,46
Lisa V J,c,0,6:00 PM,A,A,A,A,A,A,A,30,42
Thomas V J,d,0,10:00 PM,A,A,A,A,A,A,A,30,49
Daniel G E,b,1,10:00 PM,A,A,A,A,A,A,A,30,46
Barbara S Y,a,0,6:00 PM,A,A,A,NW,A,A,NW,30,49
Mark B T,d,0,6:00 PM,A,A,A,A,A,A,A,30,45
Kimberly G D,a,0,6:00 PM,A,A,A,A,A,A,A,30,48
Richard Y V,b,1,10:00 PM,A,A,A,A,A,A,NW,30,48
Patricia U F,b,1,6:00 PM,A,A,A,A,A,A,A,30,47
Richard R K,c,1,11:00 PM,A,A,A,A,A,A,A,30,50
John H G,c,0,6:00 PM,A,A,A,A,A,A,A,30,47
Barbara Q W,d,1,11:00 PM,A,A,A,A,A,A,A,30,47
William B J,b,1,10:00 PM,A,A,NW,A,A,A,A,30,44
Mary J W,b,0,6:00 PM,A,A,NW,A,A,A,NW,30,51
Karen V I,b,0,10:00 PM,A,A,A,A,A,A,A,30,46
Donald F K,b,0,11:00 PM,A,A,A,A,A,NW,NW,30,45
Karen X V,a,0,10:00 PM,A,A,A,NW,A,A,A,30,46
Karen Y S,b,1,10:00 PM,A,A,A,A,A,A,NW,30,42
Kimberly D Z,c,0,10:00 PM,A,A,A,A,A,A,A,30,43
Linda E L,d,0,6:00 PM,A,A,A,A,A,A,NW,30,44
David Z A,d,1,10:00 PM,A,A,A,A,A,A,NW,30,46
Mark I J,d,1,11:00 PM,A,A,A,A,A,A,NW,30,48
Kimberly B Y,a,0,6:00 PM,A,A,A,NW,A,A,A,30,43
Patricia I E,b,1,11:00 PM,A,A,A,A,A,A,NW,30,42
Elizabeth A K,d,1,11:00 PM,A,A,A,A,NW,A,NW,30,47
Charles S B,c,1,6:00 PM,A,A,A,A,A,A,NW,30,50
Jennifer I C,a,0,10:00 PM,A,A,A,A,A,A,A,30,45
Anthony O C,b,0,10:00 PM,A,A,A,A,A,A,NW,30,46
Jessica V W,b,1,10:00 PM,A,A,NW,A,A,A,NW,30,43
Daniel A Q,b,1,10:00 PM,A,A,A,A,NW,A,A,30,50
Susan L N,b,0,10:00 PM,A,A,A,A,A,A,NW,30,41
Sarah G G,a,0,11:00 PM,A,A,A,A,A,A,A,30,42
Paul M J,c,1,11:00 PM,A,A,A,A,A,A,NW,30,52
Joseph O Z,b,1,6:00 PM,A,A,A,A,A,A,A,30,48
David P M,a,1,10:00 PM,A,A,A,A,A,A,NW,30,47
Patricia H T,a,1,10:00 PM,A,A,A,A,A,A,A,30,50
William H J,c,0,10:00 PM,A,A,A,A,A,A,NW,30,52
Betty K C,a,1,11:00 PM,A,A,A,A,A,A,A,30,42
Mary U W,a,1,6:00 PM,A,A,A,A,A,A,NW,30,49
Charles B G,d,0,10:00 PM,A,A,A,A,A,A,A,30,44
William X J,d,1,6:00 PM,A,A,A,A,A,NW,NW,30,49
James S Y,c,0,11:00 PM,A,A,A,A,A,A,NW,30,48
Richard K V,d,1,10:00 PM,A,A,A,A,A,A,A,30,52
Barbara I X,a,0,11:00 PM,A,A,A,A,A,A,NW,30,41
David Y E,a,0,10:00 PM,A,A,A,NW,A,A,NW,30,40
Michael F X,c,1,6:00 PM,A,A,A,A,A,A,NW,30,49
Daniel D H,a,1,10:00 PM,A,A,A,A,A,A,A,30,47
Linda C R,c,1,10:00 PM,A,A,A,A,A,A,A,30,48
Richard D I,d,1,11:00 PM,A,A,A,A,A,A,A,30,49
Christopher Q J,d,0,6:00 PM,A,A,A,A,A,A,NW,30,46
Sandra X U,b,0,6:00 PM,A,A,A,A,A,A,NW,30,44
Patricia I Y,d,1,10:00 PM,A,A,A,A,A,A,A,30,49
Linda K B,b,0,11:00 PM,A,A,A,A,A,A,A,30,45
Susan Y P,b,0,10:00 PM,A,A,A,A,A,A,A,30,47
Charles K R,b,0,11:00 PM,A,A,A,A,A,A,A,30,51
Matthew G F,a,1,10:00 PM,A,A,A,A,A,A,NW,30,42
Dorothy K H,b,0,10:00 PM,A,A,A,A,A,A,A,30,40
Paul Z N,d,1,11:00 PM,A,A,A,A,A,A,A,30,43
Nancy P C,c,0,10:00 PM,A,A,A,A,A,A,NW,30,50
Kimberly D C,d,0,6:00 PM,A,A,NW,A,A,A,A,30,47
Mark L G,c,0,6:00 PM,A,A,A,A,NW,A,NW,30,51
Betty O Y,d,1,11:00 PM,A,A,A,NW,A,A,NW,30,47
Donald Z S,c,0,11:00 PM,A,A,A,A,A,NW,A,30,43
Betty H E,d,1,10:00 PM,A,A,A,A,A,A,A,30,49
Mary P N,c,1,10:00 PM,A,A,A,A,A,A,NW,30,48
William R M,b,0,6:00 PM,A,A,A,A,A,A,NW,30,50
Margaret U V,c,1,11:00 PM,A,NW,A,A,A,A,A,30,48
Sandra N N,b,0,11:00 PM,A,A,A,A,A,A,NW,30,45
Jessica E N,d,0,6:00 PM,A,A,NW,A,A,A,NW,30,43
Patricia P R,c,0,11:00 PM,NW,A,A,A,A,A,NW,30,41
Lisa S K,c,0,10:00 PM,A,A,NW,A,A,A,NW,30,44
Ashley D I,d,1,11:00 PM,A,A,NW,A,A,A,NW,30,41
Nancy H C,b,0,11:00 PM,A,A,A,A,A,A,NW,30,45
Nancy F Y,b,0,10:00 PM,A,A,A,A,A,A,NW,30,43
John P C,a,1,10:00 PM,NW,A,A,A,A,A,NW,30,48
Ashley W J,a,1,6:00 PM,A,A,A,A,A,A,NW,30,43
William L F,a,0,6:00 PM,A,A,A,NW,A,A,A,30,41
Jennifer T G,c,1,6:00 PM,NW,A,A,A,A,A,A,30,50
Richard R M,c,1,11:00 PM,NW,A,A,A,A,A,NW,30,41
David J F,c,0,10:00 PM,A,A,A,A,A,A,NW,30,49
Barbara M L,d,1,11:00 PM,A,A,A,A,A,A,A,30,51
Sandra A T,a,1,10:00 PM,A,A,A,A,A,A,A,30,41
Elizabeth P G,d,1,10:00 PM,NW,A,A,A,A,A,NW,30,47
Matthew W G,a,1,11:00 PM,A,A,A,A,A,A,A,30,45
Dorothy A X,a,0,11:00 PM,A,A,A,A,A,NW,NW,30,50
Elizabeth D B,c,0,11:00 PM,A,A,NW,A,A,A,NW,30,47
Michael S K,b,0,10:00 PM,A,A,A,A,A,A,NW,30,43
Matthew P O,a,0,10:00 PM,A,A,A,A,A,A,NW,30,40
Lisa D S,b,0,11:00 PM,A,A,NW,A,A,A,A,30,46
Jennifer S Y,d,1,10:00 PM,A,A,A,A,A,A,NW,30,51
Joseph M J,c,1,10:00 PM,A,A,A,A,A,A,NW,30,51
Lisa K W,a,1,11:00 PM,A,A,A,A,A,A,NW,30,42
Thomas T I,c,1,10:00 PM,A,A,A,A,A,A,NW,30,50
Anthony Y C,d,1,6:00 PM,A,A,A,A,A,A,NW,30,40
Joseph I T,b,1,11:00 PM,A,A,A,A,A,A,NW,30,41
Barbara R S,c,0,6:00 PM,A,A,A,A,A,A,NW,30,52
Jessica Q D,c,1,6:00 PM,A,A,A,A,A,A,A,30,45
Jessica X I,a,0,6:00 PM,A,A,A,A,A,A,NW,30,41
Karen W K,b,1,6:00 PM,A,NW,A,A,A,A,NW,30,46
Charles Z A,d,0,6:00 PM,A,A,NW,A,A,A,A,30,41
Jessica V T,a,0,6:00 PM,A,A,A,A,A,NW,NW,30,40
Jennifer C W,c,0,11:00 PM,A,A,A,A,NW,A,NW,30,47
Linda X V,c,0,11:00 PM,A,A,A,A,A,A,NW,30,43
Linda J Y,b,1,10:00 PM,A,A,NW,A,A,A,A,30,47
Daniel A K,d,1,11:00 PM,A,A,A,A,A,A,A,30,44
Karen L J,d,1,6:00 PM,A,A,A,A,A,A,A,30,42
Joseph L S,c,1,11:00 PM,NW,A,A,A,A,A,NW,30,52
John I Q,d,0,6:00 PM,A,A,A,NW,A,A,A,30,43
Jessica X K,a,0,6:00 PM,A,A,A,A,A,A,A,30,41
Christopher Y L,b,1,11:00 PM,A,A,A,NW,A,A,NW,30,43
David V X,c,0,6:00 PM,A,A,A,A,A,A,A,30,43
Nancy Z V,d,0,6:00 PM,A,A,A,NW,A,A,NW,30,44
Sandra Y W,d,1,6:00 PM,A,A,A,A,A,A,NW,30,44
Robert Q X,a,1,6:00 PM,A,A,A,A,A,A,NW,30,50
David X N,d,0,6:00 PM,A,NW,A,A,A,A,NW,30,41
James O Z,a,0,11:00 PM,A,A,A,A,A,A,NW,30,44
Charles I O,b,0,6:00 PM,A,A,A,NW,A,A,A,30,41
Patricia V O,c,0,11:00 PM,A,A,A,A,A,A,NW,30,52
Matthew Y A,a,1,11:00 PM,A,A,A,A,A,A,NW,30,42
Mark U I,d,1,11:00 PM,A,A,A,A,A,A,NW,30,46
Paul M J,d,0,11:00 PM,A,A,A,A,A,A,A,30,46
William N A,b,1,11:00 PM,A,A,A,NW,A,A,A,30,49
Ashley L W,a,1,6:00 PM,A,A,A,NW,A,A,A,30,43
Richard J X,c,1,11:00 PM,A,A,A,A,A,A,A,30,49
Anthony L E,d,1,11:00 PM,A,A,A,A,A,A,NW,30,40
Robert B N,a,1,10:00 PM,A,A,A,A,A,A,NW,30,51
Jessica N V,d,1,11:00 PM,A,A,A,A,A,A,NW,30,41
Betty J P,c,0,11:00 PM,A,A,A,A,A,A,A,30,46
David T I,a,0,10:00 PM,A,A,A,A,A,A,NW,30,42
Linda Q B,d,0,11:00 PM,A,A,A,A,A,A,NW,30,44
Matthew Y O,c,1,6:00 PM,A,A,A,A,A,A,NW,30,48
Dorothy H M,a,0,11:00 PM,A,A,A,A,A,A,NW,30,42
Steven V B,a,1,10:00 PM,A,A,A,A,A,A,A,30,43
Matthew K Y,b,1,11:00 PM,A,A,A,A,A,A,NW,30,48
Christopher H I,c,0,6:00 PM,NW,A,A,A,A,A,A,30,50
Donald G E,a,0,11:00 PM,A,NW,A,A,A,A,A,30,47
Robert X D,b,0,6:00 PM,A,A,A,A,A,A,NW,30,46
Richard C P,a,0,6:00 PM,A,A,A,A,A,A,A,30,41
Donald K G,d,1,10:00 PM,A,A,A,A,A,A,NW,30,42
Christopher F P,b,1,10:00 PM,A,A,A,A,A,A,A,30,51
Dorothy T Z,a,0,6:00 PM,A,A,A,A,A,A,A,30,40
Jennifer R O,d,0,11:00 PM,A,A,A,A,A,A,A,30,46
Karen G S,d,0,10:00 PM,A,A,A,NW,A,A,NW,30,49
Linda U F,d,0,10:00 PM,A,A,A,A,NW,A,A,30,43
Matthew R H,b,0,6:00 PM,A,NW,A,A,A,A,NW,30,46
Elizabeth E J,d,1,10:00 PM,A,A,A,A,A,A,NW,30,46
Sarah G Z,c,1,11:00 PM,A,A,A,A,A,A,A,30,43
Paul V L,a,0,10:00 PM,A,A,A,A,A,A,A,30,51
Joseph J Z,c,1,11:00 PM,A,A,A,A,A,A,NW,30,51
John R R,d,1,6:00 PM,A,A,A,A,A,A,A,30,49
Elizabeth A B,d,0,6:00 PM,A,A,A,A,A,A,NW,30,40
Betty P X,c,1,10:00 PM,A,A,A,A,A,A,NW,30,48
Barbara S N,b,0,10:00 PM,A,A,A,A,A,A,NW,30,43
Daniel L T,d,0,6:00 PM,A,A,A,A,A,A,A,30,43
Steven V U,d,1,10:00 PM,A,A,A,A,NW,A,A,30,42
Robert I N,c,0,10:00 PM,A,A,A,A,A,A,A,30,47
Sandra X H,d,1,11:00 PM,A,A,A,A,A,A,A,30,45
Paul I P,d,1,10:00 PM,A,A,A,A,A,A,A,30,42
Nancy T T,b,1,6:00 PM,A,A,A,A,A,A,NW,30,51
Daniel U Z,b,1,6:00 PM,A,A,A,A,A,NW,NW,30,43
Sarah G T,b,0,6:00 PM,A,A,NW,A,A,A,A,30,49
Patricia J T,b,1,11:00 PM,A,A,A,A,A,A,NW,30,40
Charles Q C,b,0,10:00 PM,A,A,A,A,A,A,NW,30,42
Jennifer L L,d,1,11:00 PM,A,A,A,A,NW,A,NW,30,50
Paul G V,a,0,6:00 PM,A,A,A,A,A,A,NW,30,46
Elizabeth Q E,d,1,6:00 PM,A,A,A,A,A,A,A,30,48
Mark N Z,d,1,6:00 PM,A,A,A,A,A,A,NW,30,45
Steven H Z,a,1,6:00 PM,A,A,A,A,A,A,A,30,45
Sandra E S,c,1,11:00 PM,A,A,A,A,A,A,NW,30,42
Steven Z Z,a,1,6:00 PM,A,A,A,A,A,A,A,30,42
Ashley W U,b,0,11:00 PM,A,A,A,A,A,A,A,30,51
David O A,d,0,10:00 PM,A,A,NW,A,A,A,NW,30,45
Elizabeth F X,b,0,10:00 PM,NW,A,A,A,A,A,NW,30,46
Nancy Z K,a,1,10:00 PM,A,A,NW,A,A,A,NW,30,48
Kimberly I R,c,0,11:00 PM,A,A,A,A,A,A,A,30,40
Mark E L,c,0,10:00 PM,A,A,A,A,A,A,NW,30,46
Elizabeth B Y,d,0,10:00 PM,A,A,A,A,A,A,NW,30,51
Mark F M,a,0,6:00 PM,A,A,A,A,A,A,A,30,45
Jennifer B V,b,0,6:00 PM,A,A,A,A,A,A,NW,30,45
Robert X S,b,0,11:00 PM,A,A,A,A,A,A,NW,30,45
Sarah R I,c,1,11:00 PM,A,A,A,A,A,A,A,30,50
James M F,d,0,10:00 PM,A,A,A,A,A,A,NW,30,47
Robert B F,a,1,6:00 PM,A,NW,A,A,A,A,NW,30,49
William H F,b,0,6:00 PM,A,A,A,A,A,A,A,30,49
Matthew I R,c,0,10:00 PM,A,A,A,A,A,A,NW,30,41
Mark O K,d,1,10:00 PM,A,A,A,A,A,A,A,30,52
Betty E P,c,0,10:00 PM,A,A,NW,A,A,A,NW,30,48
Robert Q A,d,1,11:00 PM,A,A,A,A,NW,A,A,30,47
Anthony Y U,a,0,11:00 PM,A,A,A,A,A,A,NW,30,41
Matthew J P,c,1,6:00 PM,A,A,A,A,NW,A,NW,30,51
Barbara Y T,b,1,6:00 PM,A,A,A,A,A,A,NW,30,46
Margaret A U,d,1,6:00 PM,A,A,A,A,A,A,A,30,51
Lisa C T,c,1,11:00 PM,A,A,A,A,A,A,NW,30,45
Betty N N,d,1,6:00 PM,A,A,A,A,A,A,NW,30,47
Christopher N Y,c,1,6:00 PM,A,A,A,A,A,NW,A,30,51
Karen P K,c,1,6:00 PM,A,A,A,NW,A,A,A,30,46
Barbara H S,a,1,11:00 PM,A,A,A,A,A,A,NW,30,42
Anthony C J,b,1,11:00 PM,A,A,A,A,A,A,NW,30,45
Michael K M,c,0,10:00 PM,A,A,A,A,A,A,A,30,45
Dorothy L N,a,1,6:00 PM,A,A,A,A,A,A,NW,30,49
Susan P I,d,0,11:00 PM,A,A,A,NW,A,A,A,30,50
John E W,d,0,6:00 PM,A,NW,A,A,A,A,A,30,40
William O X,c,0,11:00 PM,A,A,A,A,NW,A,NW,30,46
Sandra G C,b,1,10:00 PM,A,A,A,A,A,A,A,30,43
Nancy C D,d,1,11:00 PM,A,A,A,A,A,A,NW,30,42
Ashley Z G,c,0,11:00 PM,A,A,A,A,A,A,NW,30,48
William K O,d,1,6:00 PM,A,A,A,A,A,A,NW,30,50
Christopher E R,a,1,6:00 PM,A,NW,A,A,A,A,NW,30,47
Matthew K J,c,0,6:00 PM,A,A,A,A,A,A,NW,30,42
Mark N R,c,0,11:00 PM,A,A,A,A,A,A,NW,30,49
Joseph R U,c,0,6:00 PM,A,A,A,A,A,A,A,30,46
Nancy O X,a,1,6:00 PM,A,A,A,A,A,A,A,30,50
Margaret M J,c,0,10:00 PM,A,A,A,A,NW,A,NW,30,52
Christopher I H,c,0,6:00 PM,A,A,A,A,A,A,A,30,45
Steven R O,a,1,6:00 PM,A,A,A,A,A,A,NW,30,44
Christopher P V,d,1,11:00 PM,A,A,A,A,A,A,NW,30,43
Dorothy V A,a,0,10:00 PM,A,A,A,A,A,A,A,30,48
Richard H C,b,0,6:00 PM,A,A,A,A,A,A,NW,30,52
Dorothy L R,a,0,6:00 PM,A,A,NW,A,A,A,A,30,43
Linda W S,d,0,11:00 PM,A,A,A,A,NW,A,NW,30,46
Elizabeth E D,c,1,6:00 PM,A,A,A,A,A,A,NW,30,47
Matthew R E,c,1,6:00 PM,A,A,A,A,A,A,A,30,51
Joseph M Z,a,1,6:00 PM,A,A,A,A,A,A,NW,30,43
Lisa H W,b,0,10:00 PM,A,A,A,A,A,A,NW,30,52
Jennifer S P,a,0,10:00 PM,A,A,A,A,A,A,A,30,46
Robert R I,b,0,10:00 PM,A,A,A,A,A,A,NW,30,49
Richard W B,a,1,6:00 PM,A,A,A,A,A,A,A,30,49
Matthew H F,b,1,11:00 PM,A,A,A,A,A,A,NW,30,42
Sarah W R,b,0,11:00 PM,A,A,A,A,A,A,A,30,52
Joseph H O,c,1,6:00 PM,A,NW,A,A,A,A,NW,30,52
Joseph I D,b,1,11:00 PM,A,A,A,A,A,A,A,30,50
Sarah U A,c,0,11:00 PM,A,A,A,A,A,A,NW,30,50
Donald R Z,a,1,11:00 PM,A,NW,A,A,A,A,A,30,44
Elizabeth L Q,a,1,10:00 PM,A,NW,A,A,A,A,NW,30,50
Mary Y F,a,0,11:00 PM,A,A,A,A,A,A,A,30,51
James S E,a,0,10:00 PM,NW,A,A,A,A,A,NW,30,43
Anthony N Y,a,1,6:00 PM,NW,A,A,A,A,A,NW,30,42
Barbara Q T,c,0,6:00 PM,A,A,A,A,A,A,A,30,49
Christopher M Q,a,1,11:00 PM,A,A,A,A,A,A,NW,30,47
Margaret M Y,b,1,10:00 PM,A,A,A,A,A,A,NW,30,41
Dorothy L M,d,0,10:00 PM,A,NW,A,A,A,A,A,30,45
Nancy O X,c,0,6:00 PM,NW,A,A,A,A,A,A,30,44
Jessica T V,b,1,10:00 PM,A,A,A,A,A,A,A,30,48
Dorothy C N,d,1,6:00 PM,A,A,A,A,A,A,NW,30,45
James S M,d,1,11:00 PM,A,A,A,A,A,A,A,30,48
Barbara G W,c,1,10:00 PM,A,A,A,A,A,NW,NW,30,50
Mark B X,b,1,6:00 PM,A,A,A,A,A,A,NW,30,48
Dorothy F X,d,1,10:00 PM,A,A,A,A,A,A,A,30,47
David T X,d,0,6:00 PM,NW,A,A,A,A,A,A,30,51
Susan H W,c,0,11:00 PM,A,A,A,A,A,A,A,30,43
Nancy Q S,a,0,10:00 PM,A,NW,A,A,A,A,NW,30,46
David I Y,d,1,10:00 PM,A,A,A,A,A,A,A,30,49
Steven A Z,c,1,10:00 PM,A,A,A,A,A,A,NW,30,43
Robert G M,c,0,10:00 PM,A,A,NW,A,A,A,A,30,43
Kimberly B M,b,1,6:00 PM,A,A,A,A,A,A,NW,30,48
William A G,c,1,11:00 PM,A,A,A,A,A,A,A,30,49
Lisa D O,c,1,11:00 PM,A,A,A,A,A,A,NW,30,51
Lisa J L,a,0,6:00 PM,A,A,A,NW,A,A,A,30,45
Susan V N,d,1,11:00 PM,A,A,A,A,A,A,NW,30,49
Charles P A,b,0,10:00 PM,A,NW,A,A,A,A,NW,30,42
Paul F P,c,1,11:00 PM,A,A,A,A,A,A,NW,30,44
Charles M Q,b,1,10:00 PM,A,A,A,A,A,A,NW,30,48
Christopher C I,d,0,10:00 PM,A,A,A,A,A,A,NW,30,42
Anthony B Z,c,1,10:00 PM,A,A,A,A,A,A,NW,30,51
